{
    "q": [
        0.01574126779977868,
        0.014995035639273098,
        0.014248804365410319,
        0.013502572389336786,
        0.012494134345952599,
        0.011485696846042023,
        0.010477259057478039,
        0.009681523286828317,
        0.008885787703992619,
        0.00809005238844057,
        0.0072943167789263595,
        0.006498581309939187,
        0.005702845739624199,
        0.005234064676639078,
        0.00476528367706595,
        0.004296502715892024,
        0.0038277217262458617,
        0.0033589407280858186,
        0.0028901597462242566,
        0.002421378727720164,
        0.001952597733700006,
        0.0017710732736018313,
        0.0015895489251011828,
        0.0014080244528140947,
        0.0012265001015184342,
        0.0010449756254022051,
        0.0008634511506186384,
        0.0006819267990947622,
        0.0005004023272026306,
        0.0003188779744448311,
        0.0001373535029280767,
        9.151336605576169e-05,
        4.567323040247486e-05,
        3.490688600801714e-05,
        2.414054140110714e-05,
        1.337419693133189e-05,
        2.607852415983216e-06
    ],
    "t": [
        298.6329689414413,
        297.08891513700837,
        295.54487273339873,
        294.0008242200922,
        292.92355975221705,
        291.84631103497964,
        290.76905497886514,
        289.3980015816512,
        288.0269423564275,
        286.65590402815076,
        285.28485136297013,
        283.91380207008785,
        282.5427517166844,
        280.69098504472663,
        278.8392178111606,
        276.98745078952226,
        275.13568468535385,
        273.2839175030037,
        271.4321543331499,
        269.580386823195,
        267.72861985807066,
        264.1165468171791,
        260.5044893194128,
        256.89241441399963,
        253.28035445743137,
        249.66827846588913,
        246.05620989622892,
        242.44414337167032,
        238.83207412869842,
        235.22000403404235,
        231.60793865521748,
        225.4824319044749,
        219.35692804786893,
        212.8493948009279,
        206.34185898480592,
        199.8343268443037,
        193.32679327991275
    ],
    "lw": [
        -0.4589567208860267,
        -0.5009300863997038,
        -0.6999239147021383,
        -0.8905547185354055,
        -1.0470046488959113,
        -1.754252862281341,
        -2.0932143867413826,
        -2.656818248544579,
        -2.3661137271272428,
        -2.1148195910453835,
        -1.9205600340036155,
        -1.7904543473968382,
        -1.73390649935218,
        -1.7354532145707775,
        -1.7918957010506185,
        -1.9326531227896522,
        -2.359588449713102,
        -2.1786866105389495,
        -2.09699840373238,
        -1.9935660661641927,
        -1.8807232917984589,
        -1.7755769648284923,
        -1.6930635355012542,
        -1.6500766284872408,
        -1.7445785454822136,
        -1.6720280260135862,
        -1.6807378247212774,
        -1.7253279028831907,
        -1.7958770012699223,
        -1.9002757142296547,
        -2.084006519338403,
        -2.12338419384386,
        -2.190965985739661,
        -2.1364846674987756,
        -2.346427555146034,
        -2.5232984713925153,
        -3.064253612956878
    ],
    "sw": [
        3.9881155392504573,
        1.1089515789128603,
        0.6308089013949286,
        0.47575199235637755,
        0.5039023961716249,
        0.6306741136920309,
        0.6381609840954092,
        0.8902106176513256,
        0.9616655017198288,
        0.9686738378669367,
        0.9451869344245941,
        0.9097474144636518,
        0.8753223403767322,
        0.8374123444740867,
        0.7978393062999134,
        0.7637123725004263,
        0.7306086082272982,
        0.7761427506008718,
        0.7961768123380318,
        0.8012082266122986,
        0.7977105504269864,
        0.7907281624188675,
        0.7823875466223021,
        0.7708781689176634,
        0.7568619750556937,
        0.7748368362406153,
        0.7823381685263789,
        0.7835482338407647,
        0.7784434511224424,
        0.7683746376696837,
        0.7556018124286565,
        0.7554560276157045,
        0.7527849999781335,
        0.7487227809368386,
        0.7309807818473993,
        0.7155725634350708,
        0.7027905051976886
    ]
}